{
  "type": "Code",
  "name": "Knapster",
  "modId": "knapster",
  "side": "Universal",
  "description": "Easier knapping, clayforming, and smithing, for those with low manual dexterity.",
  "version": "0.1.0",
  "website": "https://apachegaming.net",
  "authors": [
    "ApacheTech Solutions"
  ],
  "contributors": [
    "Apache"
  ],
  "requiredOnClient": true,
  "requiredOnServer": true,
  "networkVersion": "1.0.0",
  "dependencies": {
    "game": "1.17.2",
    "survival": "1.17.2"
  }
}